,index,M1,M2,M3,M4,M5,M6,M7,M8,M9,M10,M11,M12,M13,M14,M15,M16,M17,M18,M19,M20,ID,seq,seq_type,L1,L2,L3,L4,L5,L6,L7,L8,L9,L10,L11,L12,L13,L14,L15,L16,L17,L18,L19,L20,B1,B2,B3,B4,B5,B6,B7,B8,B9,B10,B11,B12,B13,B14,B15,B16,B17,B18,B19,B20
0,0,0,0,1,0,0,0,0,0,0,0,1,0,0,0,1,1,0,0,0,0,example_locus_1,CTAGTTCTGCAGGCAAGGTT,1,C,T,A,G,T,T,C,T,G,C,A,G,G,C,A,A,G,G,T,T,1,2,0,3,2,2,1,2,3,1,0,3,3,1,0,0,3,3,2,2
1,1,0,0,0,0,0,0,0,0,0,1,0,0,0,0,0,1,0,0,0,0,example_locus_2,TGCTGGTGGAGGTGGAGGTT,1,T,G,C,T,G,G,T,G,G,A,G,G,T,G,G,A,G,G,T,T,2,3,1,2,3,3,2,3,3,0,3,3,2,3,3,0,3,3,2,2
2,2,0,0,0,0,1,1,0,0,0,0,0,1,0,0,0,0,1,0,0,1,example_locus_3,TCGGAAGGGTGATGGGAGGA,1,T,C,G,G,A,A,G,G,G,T,G,A,T,G,G,G,A,G,G,A,2,1,3,3,0,0,3,3,3,2,3,0,2,3,3,3,0,3,3,0
3,3,0,1,0,0,1,0,0,1,0,0,0,0,0,0,1,0,1,0,0,1,example_locus_4,CACTATCAGTGGGTAGATGA,1,C,A,C,T,A,T,C,A,G,T,G,G,G,T,A,G,A,T,G,A,1,0,1,2,0,2,1,0,3,2,3,3,3,2,0,3,0,2,3,0
4,4,0,0,1,0,1,0,0,1,0,1,0,0,0,1,1,0,0,0,0,0,example_locus_5,GTACAGTAGATGTAACTCTT,1,G,T,A,C,A,G,T,A,G,A,T,G,T,A,A,C,T,C,T,T,3,2,0,1,0,3,2,0,3,0,2,3,2,0,0,1,2,1,2,2
5,5,0,0,0,0,0,0,0,0,1,0,0,0,0,0,0,0,0,0,0,0,example_locus_6,TTCCTCTCAGCGCTTGGGGT,1,T,T,C,C,T,C,T,C,A,G,C,G,C,T,T,G,G,G,G,T,2,2,1,1,2,1,2,1,0,3,1,3,1,2,2,3,3,3,3,2
6,6,0,0,0,0,1,0,0,0,0,0,0,0,1,0,1,0,0,0,0,1,example_locus_7,GGGTAGGCGCTGAGAGCCCA,1,G,G,G,T,A,G,G,C,G,C,T,G,A,G,A,G,C,C,C,A,3,3,3,2,0,3,3,1,3,1,2,3,0,3,0,3,1,1,1,0
7,7,0,0,1,0,1,0,0,0,0,1,0,0,0,0,0,0,0,0,0,0,example_locus_8,GGATAGGGGACGCCTGGGTG,1,G,G,A,T,A,G,G,G,G,A,C,G,C,C,T,G,G,G,T,G,3,3,0,2,0,3,3,3,3,0,1,3,1,1,2,3,3,3,2,3
8,8,0,0,0,1,0,1,0,0,0,0,0,0,0,0,1,0,0,1,0,0,example_locus_9,GGGACACCTGGGTGAGGATG,1,G,G,G,A,C,A,C,C,T,G,G,G,T,G,A,G,G,A,T,G,3,3,3,0,1,0,1,1,2,3,3,3,2,3,0,3,3,0,2,3
